Laura Stone,owhite@hotmail.com,vB23bLTC,Microbiology
Benjamin Boyd,toddcopeland@gmail.com,nb62pejH,Microbiology
Crystal Morris,jnunez@gmail.com,aM84BOfw,Microbiology
Dana Weiss,andrew12@hotmail.com,CLzS81Ot,Microbiology
Mohammad Bhuiyan,mmohinb@gmail.com,mmb900,Microbiology
Christopher Gonzalez,iancoffey@yahoo.com,IMf16XUg,Microbiology
Katie Atkins,ambermiller@hotmail.com,sCD75OCm,Microbiology
Natasha Smith,marysims@yahoo.com,OobW27Rf,Microbiology
John Hobbs,shelly57@gmail.com,qXx67XSq,Microbiology
Kathy Murphy,gregwolf@yahoo.com,Jn74xyjx,Microbiology
Kristy Lamb,yalexander@gmail.com,vY88WEgY,Microbiology
Pamela Atkins,patricknorris@yahoo.com,RAL69WVs,Microbiology
Brian James,mooneyryan@yahoo.com,92LCWMTj,Microbiology
Lauren Garcia,marshallruth@yahoo.com,MBw38vvO,Microbiology
Henry Simmons,audreyolson@gmail.com,yu52yULL,Microbiology
Timothy Reese,jeremyhardin@gmail.com,BOhyc86E,Microbiology
Laura Abbott,david56@gmail.com,53jOSBsH,Microbiology
Rebecca Boone,rachelchang@yahoo.com,Fz84bhpf,Microbiology
Donald Rivera,wendy10@yahoo.com,pRS71hcS,Microbiology
Sandra Gallagher,michaelhicks@yahoo.com,vksT87mz,Microbiology
Carlos Johnston,virginiaguerrero@hotmail.com,C49NhZoq,Microbiology
Paul Saunders,nicholsbelinda@gmail.com,92ERjlDs,Microbiology
Tom Austin,vasquezcorey@hotmail.com,zbF47FtQ,Microbiology
Luke Mendoza,frederickchavez@gmail.com,97lXhUfH,Microbiology
Kenneth Dunn,klinejessica@hotmail.com,flVJ83oo,Microbiology
Miranda Johnson,toddmarcus@gmail.com,wpejH48w,Microbiology
Lisa Herrera,fjimenez@gmail.com,Ar86pjvs,Microbiology
Sean Gill,lucasjordan@yahoo.com,ZO94MfTI,Microbiology
Dalton Williams,warrenmichael@hotmail.com,83CSEwBa,Microbiology
Julia Thompson,danielsjohn@gmail.com,Y64vsjZl,Microbiology
Brenda Johnson,miranda50@gmail.com,95ByQbEf,Microbiology
Brooke Roberts,awhite@gmail.com,JdFl92ip,Microbiology
Rachel Bradford,juliehawkins@yahoo.com,f32XiNdB,Microbiology
Dawn Rivas,allison64@yahoo.com,tWH25Awm,Microbiology
Aaron Gonzalez,matthewlopez@gmail.com,VMi56sCb,Microbiology
Robert Lee,rhouston@gmail.com,wc36sMbK,Microbiology
Cheryl Watson,briannarice@yahoo.com,oqBho65c,Microbiology
Renee Blanchard,kyle76@hotmail.com,km91GDaT,Microbiology
Lori Hester,ramirezdarren@yahoo.com,mCPVg61S,Microbiology
Travis Aguilar,jason18@yahoo.com,ihtxw89y,Microbiology
Paul Murphy,jonathan47@gmail.com,dc28VByt,Microbiology
Nancy Martinez,hfrazier@gmail.com,37lAbYxU,Microbiology
Cameron Lee,jmoore@hotmail.com,eclzA86L,Microbiology
Andrea Roberts,dsmith@yahoo.com,oYqU93qj,Microbiology
Jamie Lester,ubarron@hotmail.com,28ENLtgd,Microbiology
Jeffrey Romero,rmccarthy@gmail.com,gC22SKcK,Microbiology
Lisa Juarez,benjamin41@hotmail.com,zF48wHIE,Microbiology
Theresa Rosales,edwardsadam@gmail.com,BwN34loq,Microbiology
Donald Morales,morgankelly@gmail.com,Rhkpm56W,Microbiology
Danielle Green,morristimothy@gmail.com,hbnrJ41t,Microbiology
David Mccarthy,whitneydaniel@gmail.com,JSdJ29gL,Microbiology
Charles Guzman,lmendez@yahoo.com,98OMkqva,Microbiology
Catherine Mitchell,michelleprice@gmail.com,BL43JSbP,Microbiology
Danielle Hernandez,tfarmer@hotmail.com,BQFm23oP,Microbiology
George Miles,mariaboone@yahoo.com,KIGJU99L,Microbiology
Matthew Mcguire,adamschristopher@hotmail.com,P87HpxMQ,Microbiology
Heather Fernandez,psmith@gmail.com,BTwND43Q,Microbiology
Rebecca Gonzalez,kevin66@gmail.com,37UTUHXK,Microbiology
David Patton,hansenashley@gmail.com,dXX32kJn,Microbiology
Jessica Brown,cmelendez@gmail.com,anSGu38Y,Microbiology
Erik Craig,brandonthomas@yahoo.com,82gihSrc,Microbiology
Tara Walker,milleranne@hotmail.com,lI68CbLQ,Microbiology
Ashley Roberts,fitzgeraldalex@hotmail.com,rLI69ZCn,Microbiology
James Love,yjohnson@yahoo.com,aHFAO65h,Microbiology
Erin Osborn,ashley53@hotmail.com,91nZUeXO,Microbiology
Brad Spears,dunlapamy@hotmail.com,AdtfW16w,Microbiology
Henry Vang,ashley19@hotmail.com,e26WsVPq,Microbiology
Douglas Hale,riveradouglas@gmail.com,81UGGclu,Microbiology
Crystal Davis,garneranthony@gmail.com,MgcnN61D,Microbiology
Johnny Ross,shelby87@yahoo.com,BSvZO65I,Microbiology
Kyle Cardenas,stewartjason@gmail.com,GrBsw77I,Microbiology
Jennifer Freeman,eyoung@yahoo.com,mPgxw45v,Microbiology
Joseph Carpenter,beltranvictor@yahoo.com,xJ45wTNF,Microbiology
Miss Samantha Maddox DVM,jorgeharvey@hotmail.com,23auKTiw,Microbiology
Frank Brown,rasmussenchristopher@yahoo.com,Z31WPJyk,Microbiology
Laura Chandler,rachel68@gmail.com,BuF32rSP,Microbiology
Kayla Gardner,youngthomas@yahoo.com,45zzipSS,Microbiology
Stephanie Roy,sancheznicholas@gmail.com,JS29Nmqw,Microbiology
Mary Phelps,melaniewest@yahoo.com,Pk13pJMd,Microbiology
Willie Lee,gjohnson@gmail.com,iQH15jgp,Microbiology
Kevin Krueger,matthewdavidson@gmail.com,zu35MlEd,Microbiology
Jerry Yu,tdudley@gmail.com,Mondq59i,Microbiology
Nicholas Schaefer,lisagrimes@hotmail.com,CM56LfBc,Microbiology
James Horton,jameswalker@gmail.com,LDbjn64n,Microbiology
Catherine Stevenson,sgibson@hotmail.com,eQ39Bcdg,Microbiology
Sandra Cohen,jpeck@hotmail.com,QJOxa34b,Microbiology
James Greene,markwarner@gmail.com,pse44Uwr,Microbiology
Felicia Merritt,jrose@gmail.com,RGZ95Vmg,Microbiology
James Lee,jimmy89@gmail.com,I74wmzFq,Microbiology
Melinda Hayden,ocalhoun@gmail.com,uLw17hMm,Microbiology
Colleen Santana DVM,khale@hotmail.com,38IkzSOZ,Microbiology
Mario Strickland,znorris@yahoo.com,LLw84CKy,Microbiology
Ms. Rita Martinez,stephenmoss@gmail.com,Anoal91k,Microbiology
Duane Baker,perryrichard@hotmail.com,Swrd83NK,Microbiology
Daniel Forbes,chadkelly@yahoo.com,Ild16Dsx,Microbiology
Rachel Sharp,kleintimothy@hotmail.com,xcH38Uag,Microbiology
Sheila Daniel,elizabethprince@yahoo.com,PSzkD39n,Microbiology
Herbert Townsend,scottvalencia@gmail.com,UGPl43Na,Microbiology
Patty Parks,robertperez@gmail.com,DJ16SLkV,Microbiology
Mercedes Fritz,billcooper@yahoo.com,ghou34JP,Microbiology
Joseph Jones,perezkathy@hotmail.com,cztHu53t,Microbiology
Mary Price,fernandezmichelle@hotmail.com,44cCcMJC,Microbiology
Johnathan Morris,melanieyoung@hotmail.com,69HuWiGJ,Microbiology
Mrs. Nancy Williams,cardenaskevin@hotmail.com,XuMya12Z,Microbiology
Jerry Greene,ashleygaines@yahoo.com,LvM57QJK,Microbiology
Brian Sullivan,jeremy83@hotmail.com,wQkT59EI,Microbiology
Ashley Palmer,ewoods@gmail.com,nnW81aQB,Microbiology
Haley Santos,jamesadams@yahoo.com,bMNU63OR,Microbiology
Jeffrey Smith,olivia43@yahoo.com,aZHO13PT,Microbiology
Melissa Dean,shawnmitchell@hotmail.com,hnC47ukM,Microbiology
Victoria Jones,brownmichael@gmail.com,Lrscu99s,Microbiology
Edward Mosley,john15@gmail.com,IZjlZ24F,Microbiology
Robin Smith,pageadam@hotmail.com,13eGPjpd,Microbiology
Tami Johnson,sara01@yahoo.com,81PmNRSm,Microbiology
Allen Johnson,brandon90@gmail.com,exv58cqr,Microbiology
Stephanie Turner,williambailey@yahoo.com,Wyf13oEd,Microbiology
Zachary Webb,qbarry@gmail.com,w22cgzFr,Microbiology
Jeff Solomon,chandlermichelle@gmail.com,GEZ69rFp,Microbiology
David Cole,pcruz@hotmail.com,Fj16vKiW,Microbiology
Karen Morris,danielmorgan@hotmail.com,16rsOGEM,Microbiology
Devin Pitts,jacobmcbride@yahoo.com,QA57niim,Microbiology
William Morrison,wattsjodi@gmail.com,89avfedV,Microbiology
Michelle Martinez,steven77@yahoo.com,84uPrEJC,Microbiology
Emily Cox,blanchardtiffany@gmail.com,fO82VquV,Microbiology
Christine Smith,heathmegan@yahoo.com,M45wfHnL,Microbiology
Patricia Harris,jonathancruz@hotmail.com,84CnCPMB,Microbiology
Ashley Sanders,rothsteven@gmail.com,HJI64gss,Microbiology
Erin Smith,joshuathomas@gmail.com,Ke55LLtK,Microbiology
Lauren Richardson,xsmith@hotmail.com,M55ofQew,Microbiology
Nicholas Solomon,jadkins@yahoo.com,53nTkXAa,Microbiology
Christina Miller,duartenicole@gmail.com,82MiCzJU,Microbiology
Laurie Torres,tiffanypatterson@yahoo.com,OnhSx29j,Microbiology
Paul Holland,jhawkins@gmail.com,yERZ49ea,Microbiology
Debbie Alvarado,hmiller@yahoo.com,23RpDAph,Microbiology
Thomas Thomas,obrienalexander@hotmail.com,V72twkDU,Microbiology
Justin Woods,juliewoods@gmail.com,w34KlzOj,Microbiology
Susan Mcclure,ramseyleslie@yahoo.com,dHGq58Ao,Microbiology
Jacob Evans,hsoto@yahoo.com,61AEMAcd,Microbiology
Daniel Ruiz,heatherbell@yahoo.com,lNRm69uo,Microbiology
Jessica Jackson DDS,sallen@hotmail.com,gqlOv45J,Microbiology
William Coleman,jorge76@yahoo.com,Qx82ZOdA,Microbiology
Michael Logan,heatherjones@yahoo.com,93vEVnIV,Microbiology
Suzanne Miller,christina27@hotmail.com,yxda84tv,Microbiology
Jennifer Terrell,gmoore@hotmail.com,LAhu79PW,Microbiology
Ashley Davis,katherine84@hotmail.com,71sSEQVC,Microbiology
Benjamin Lopez,jonesgrace@gmail.com,ca28cZwS,Microbiology
Matthew Nelson,dgonzales@yahoo.com,n36LEVmo,Microbiology
Danny Garrett,christian73@yahoo.com,G94YAurc,Microbiology
Joe Carter,wendyjackson@yahoo.com,K56pVAlW,Microbiology
Kevin Anderson,kimberlyhill@hotmail.com,Gzyo62bt,Microbiology
Allen Velasquez,cmueller@gmail.com,O42ZTevi,Microbiology
Kyle Wright,walkerjames@gmail.com,nt31KSpA,Microbiology
Sarah Rollins,poolemeghan@hotmail.com,ReHy25QC,Microbiology
Kimberly Hoffman,ginathompson@yahoo.com,iGxKR21O,Microbiology
Cheyenne Lara,brookeramirez@yahoo.com,C37UXbhn,Microbiology
Mrs. Emily Donovan,kfrederick@hotmail.com,xdl48FKr,Microbiology
Heather Hunt,nguyenalexandra@hotmail.com,Ut77vChl,Microbiology
Joel Ballard,vkirk@gmail.com,Yr43BKbq,Microbiology
Steven Mays,oblackwell@yahoo.com,DnS74Diw,Microbiology
Patrick Dunn,ryan46@hotmail.com,73vXVJiy,Microbiology
Herbert Washington,lwatson@yahoo.com,Nmc91vOx,Microbiology
Edwin Ochoa,jennifer27@gmail.com,88SdoFms,Microbiology
Richard Wright,robert12@yahoo.com,ki81oksX,Microbiology
Kathryn White,curtisparsons@gmail.com,fmle45BR,Microbiology
Courtney Walsh,johnathan05@hotmail.com,r13aDGvk,Microbiology
Kristy Clark,derek97@yahoo.com,WSLXQ28z,Microbiology
Lisa Lindsey,stuartsally@yahoo.com,XM47bCLg,Microbiology
Pedro Bright,sellis@yahoo.com,qa59vjyu,Microbiology
Darlene Day,derekdavis@yahoo.com,XOf12dhn,Microbiology
Melissa Patterson,rhondaflores@gmail.com,J63psZMm,Microbiology
Adam Hatfield,hcollier@yahoo.com,W93JvwJt,Microbiology
Anthony Crawford,hayesyolanda@gmail.com,64hWgcID,Microbiology
Nicole Mills,xhorn@yahoo.com,FuSM75dl,Microbiology
Michael Gillespie,christine17@hotmail.com,U62FHrdO,Microbiology
Karen Cardenas,kyle86@gmail.com,RRTp24MF,Microbiology
Michael Torres,janice19@gmail.com,VrW53TKe,Microbiology
Brandi Blankenship DVM,valdezanita@gmail.com,Vrd67inn,Microbiology
Alexandra Collier,barbara18@gmail.com,NHay92Fj,Microbiology
Brooke Madden,keithsantana@hotmail.com,CI73yEKY,Microbiology
Olivia Hale,mcintyremaria@gmail.com,b58mieEP,Microbiology
Ann Rodriguez,jacquelineholmes@gmail.com,Mt52Mtlm,Microbiology
Samuel Morris,calderontony@yahoo.com,qaI59EFZ,Microbiology
Carolyn Berger,emilypayne@yahoo.com,52MsnKLZ,Microbiology
Steven Henderson,lbrown@gmail.com,T49TiVQj,Microbiology
Joseph Paul,nbrady@gmail.com,qE96OYsF,Microbiology
Kristin Hopkins,yyoder@yahoo.com,AG39LEmn,Microbiology
Debra Miranda,nealjennifer@yahoo.com,TimwJ91g,Microbiology
Mr. Stephen Martin,andrew30@yahoo.com,LFY56LqQ,Microbiology
Tyler George,zhall@yahoo.com,hWDA52UY,Microbiology
Derrick Sanchez,leechad@gmail.com,cdAu43LV,Microbiology
John Myers,vanessa44@yahoo.com,I73kvLkD,Microbiology
Thomas Lin,emilyhill@hotmail.com,mUr56XWG,Microbiology
Matthew Cobb,bradfordalexander@gmail.com,t95FTAUg,Microbiology
Stacie Snyder,alexis42@hotmail.com,48krWaFa,Microbiology
Travis Jenkins,shericabrera@yahoo.com,aP56mMiU,Microbiology
Mario Williams,ashleystark@yahoo.com,To69nCuW,Microbiology
Cory Williams,misty75@gmail.com,74BQxLHz,Microbiology
Richard Best,lopezjeffrey@hotmail.com,bUZ76VGT,Microbiology
Megan Yu,cainangela@hotmail.com,AgYMM47G,Microbiology
Ashley Rivera,mirandahunter@gmail.com,hyA28axJ,Microbiology
Larry Padilla,reyesleslie@hotmail.com,lq22DmKU,Microbiology
Sheila Montgomery,ryan92@hotmail.com,GORO11gq,Microbiology
Virginia Hines,lowekatie@yahoo.com,Feu64SXk,Microbiology
Christina Torres,khall@yahoo.com,22eOFMzh,Microbiology
George Dalton,aguilarkristine@gmail.com,AwLu21cE,Microbiology
Natalie King,veronicalee@gmail.com,hExmG75A,Microbiology
Matthew Bridges,roblesangelica@yahoo.com,PXRS47Xt,Microbiology
Courtney Dominguez,harperlisa@yahoo.com,bt23AkLj,Microbiology
David Guzman,richardslaura@hotmail.com,wWW73VdX,Microbiology
Alicia Villarreal,deborahrivera@hotmail.com,ywQ91rlD,Microbiology
Michele Walter,brandon84@hotmail.com,PKYI96fa,Microbiology
Kyle Johnson,dberry@gmail.com,s93cmhRW,Microbiology
Robert Monroe,jermaine72@hotmail.com,33rrGbtj,Microbiology
Shari Perry,mary89@yahoo.com,HfAFT51p,Microbiology
Darrell Bond,vbaker@yahoo.com,77iCdZLA,Microbiology
Mr. Kyle Ruiz PhD,dillonelizabeth@hotmail.com,LrB88lRy,Microbiology
Robert Smith,larry63@hotmail.com,l41LXgUz,Microbiology
Melissa Tucker,acostabrian@gmail.com,xL94wqsr,Microbiology
Anna Shepard,daniel96@hotmail.com,Mrd41Rth,Microbiology
Andrea Alvarez,selenasimmons@gmail.com,zaSaX79s,Microbiology
Rachel Johnson,ashley74@gmail.com,zPl52Anv,Microbiology
Cole Walker,clarkjames@hotmail.com,bVo55JbH,Microbiology
Troy Greene,blakerobert@hotmail.com,63kCefEq,Microbiology
Erik Anderson,jasoncarroll@gmail.com,jE79JdMm,Microbiology
Brian Brown,avilawillie@hotmail.com,22KQIskA,Microbiology
Jason Armstrong,simpsonstacy@gmail.com,mF65lrAP,Microbiology
Chelsea Goodman,millerkristina@yahoo.com,15mMOpas,Microbiology
Natalie Olson,ianderson@gmail.com,fcHU73KT,Microbiology
Cory Gomez,halltammy@yahoo.com,ir79XwUW,Microbiology
Tamara Cole,rking@gmail.com,xzz16KLW,Microbiology
Nicholas Orozco,jamie84@gmail.com,d56eylsB,Microbiology
Brent Brown,michelle06@yahoo.com,Zg82CnTA,Microbiology
Colton Smith,pateljohn@gmail.com,GZVsw75W,Microbiology
Janet Wood,jordanwhite@yahoo.com,Hfyn47Vd,Microbiology
William Vaughan,schroedererica@hotmail.com,b77NaDlv,Microbiology
Joseph Orr DDS,maryromero@yahoo.com,rJy93geu,Microbiology
Teresa Garcia,moorekevin@gmail.com,nC24TvIv,Microbiology
Jeffrey Boyle,jpowers@gmail.com,MTn56vFL,Microbiology
Cody Graham,hendersonnancy@gmail.com,26wtgjge,Microbiology
Amanda Wright,michael51@hotmail.com,nME38heY,Microbiology
Crystal Burke,kayla38@yahoo.com,wvfq53en,Microbiology
Sheri Moran,jillharris@gmail.com,45PDzHia,Microbiology
Kristi Taylor,kwilliams@gmail.com,jKnd51vB,Microbiology
Amy Rush,alicia04@hotmail.com,U35GGwgC,Microbiology
Samuel Chase,smithjoshua@gmail.com,zR64umZR,Microbiology
Earl Gonzalez,ulamb@gmail.com,row72BPO,Microbiology
Charles Sullivan,donnataylor@hotmail.com,CoLNl54l,Microbiology
Susan Alexander,thompsonashley@yahoo.com,aN26RKFm,Microbiology
Colleen Ayala,lcasey@yahoo.com,33kovvho,Microbiology
David Mcintyre,brianpope@yahoo.com,gQZO23Hn,Microbiology
Tracy Hendricks,helen06@yahoo.com,iEz54Rkn,Microbiology
Michael Andrews,tbarrett@gmail.com,gPU82uNQ,Microbiology
Stephanie Dixon,ukennedy@yahoo.com,42ttdxAh,Microbiology
Joseph Schultz,alucero@yahoo.com,42TsjEKU,Microbiology
Alisha Diaz,hansendawn@gmail.com,SOCc86YJ,Microbiology
Kristen Warren,ypowers@gmail.com,CVe47jRq,Microbiology
Rachel Robertson,pachecochristopher@yahoo.com,N21iYCSs,Microbiology
Alyssa Davis,princedeanna@hotmail.com,12wGOWMe,Microbiology
Tracey Espinoza,smithkelly@yahoo.com,27QDzrdw,Microbiology
Jennifer Vargas,juan99@hotmail.com,82dwOUWP,Microbiology
Jeremy Williams,monicaschwartz@yahoo.com,eo71GUEZ,Microbiology
Jonathan Miller,rsanchez@yahoo.com,sAV18hJI,Microbiology
Juan Carlson,mariajennings@gmail.com,oP65RdrR,Microbiology
Mark Wise,aaron74@yahoo.com,tKBNH91x,Microbiology
Christina Davis,asmith@yahoo.com,GHv32gjv,Microbiology
Anthony Bruce,andrew90@gmail.com,94FRjoCE,Microbiology
Lisa Grant,paul40@gmail.com,bu53tJUu,Microbiology
Jeffrey King,angelica58@yahoo.com,11fWfUws,Microbiology
Dennis Chapman,kimberlyhensley@hotmail.com,MJwO47CV,Microbiology
Vincent Perez,michealhamilton@hotmail.com,75BMdXCf,Microbiology
Charlotte Blake DDS,tsalazar@hotmail.com,knXA98QZ,Microbiology
Kelly Duke,grossbrian@gmail.com,97yzqXfQ,Microbiology
Lisa Park,jrivera@yahoo.com,xzdwA83j,Microbiology
Haley Hawkins,cameroncharlotte@gmail.com,jRSwC86p,Microbiology
Sonya Gonzalez,david15@gmail.com,LotT12SK,Microbiology
Stephanie Finley,petersonmichael@gmail.com,PRh13FsO,Microbiology
Stanley Sullivan,charlesforbes@yahoo.com,ZGr18VHQ,Microbiology
Nathaniel Navarro,frank61@yahoo.com,H89UXwaC,Microbiology
Daniel Moore,sandra39@yahoo.com,PKHSI73E,Microbiology
Andrew Austin,zachary23@gmail.com,O15YnHAT,Microbiology
Sean Woods,scott80@yahoo.com,Vgfc16bQ,Microbiology
Jack Booker,chapmannathan@yahoo.com,73PJXOpU,Microbiology
Daniel Munoz,andrewwang@yahoo.com,rps95cFN,Microbiology
Dana Peters,bonilladaniel@gmail.com,vf83xyDI,Microbiology
Brian Smith,evan12@gmail.com,WNl62NlO,Microbiology
Joe Rice,thoward@yahoo.com,jkZ86bkQ,Microbiology
Mr. Nicholas Jordan,crossrobert@yahoo.com,VQKx88eY,Microbiology
Jonathan Contreras,hduffy@gmail.com,wX18XYqz,Microbiology
Sherry Larson,farmstrong@gmail.com,yHlWS95o,Microbiology
Donna Alexander,hernandezelizabeth@yahoo.com,37TxClMc,Microbiology
Robert Hendrix,walkerbrian@hotmail.com,IHRN23GF,Microbiology
Margaret Alvarado,brettmurphy@yahoo.com,dUrfO91y,Microbiology
Dawn Wilkins,harrismark@hotmail.com,vHryJ41G,Microbiology
Stacy Rodriguez,rebeccahancock@hotmail.com,O73NMbOz,Microbiology
Julie Ashley,lisa78@yahoo.com,DPlnf74T,Microbiology
Anthony Clark,felicia08@yahoo.com,jyR15oCW,Microbiology
Denise Key,christopherwade@hotmail.com,74XMRtcf,Microbiology
Anthony Harmon,timothycollins@hotmail.com,VYJ95lIf,Microbiology
Mr. Nathaniel Beasley,karaodonnell@gmail.com,izbi96GJ,Microbiology
Holly Wagner,nrojas@yahoo.com,s93oyeKk,Microbiology
Christian Skinner,martincristian@yahoo.com,Mv16lJwj,Microbiology
Sandy Simpson,hallashley@gmail.com,cDcy55wp,Microbiology
Matthew Medina,forbesclinton@yahoo.com,mRg68VCR,Microbiology
Brenda Johnson,steelelydia@yahoo.com,kBN51OAE,Microbiology
Brian Yoder,flester@hotmail.com,lzM31WMn,Microbiology
Alison Vasquez,brian90@gmail.com,94qUBcpk,Microbiology
Jessica Miller,eanderson@gmail.com,vY88qCmv,Microbiology
Shirley Harris,moorejeremy@hotmail.com,45lacMVm,Microbiology
Nicole Snyder,hmata@gmail.com,Q19SDaCN,Microbiology
Amy Spencer,kevinkelley@gmail.com,Y68Mbypb,Microbiology
Anthony Garcia,rushnicole@gmail.com,Me43esoX,Microbiology
Christian Pope,mark22@gmail.com,zv94TheW,Microbiology
Nancy Martinez,elizabeth33@hotmail.com,ABZQs79o,Microbiology
Brianna Davis,david90@gmail.com,lq39PwWE,Microbiology
Cindy Costa,darrellgarner@gmail.com,pns92uZu,Microbiology
Jennifer Kim,philipnguyen@hotmail.com,sd62Wyya,Microbiology
Linda Washington,jsalinas@gmail.com,t16sPFAY,Microbiology
Brian Nunez,jasminerivera@yahoo.com,VR29DwAP,Microbiology
Cynthia Cross,scott93@hotmail.com,38eWHIrJ,Microbiology
Jose Hernandez,williamjones@hotmail.com,M71dzmxt,Microbiology
Patrick Allen,pwise@gmail.com,ey76mXMp,Microbiology
Sherry Vang,hayesmichelle@gmail.com,lieE11qB,Microbiology
Juan Miller,mendezmarie@hotmail.com,EbE31nOl,Microbiology
Shannon Norton,sullivanbenjamin@yahoo.com,E55TMqCt,Microbiology
Stephen West,yolanda43@hotmail.com,kctM16II,Microbiology
Eric Ramirez,jamie99@hotmail.com,WPa64XlF,Microbiology
Bradley Joseph,jonathan01@hotmail.com,S55Sfldy,Microbiology
Bradley Harrington,johnwright@yahoo.com,98VHDjxC,Microbiology
Teresa Baker,kmartin@yahoo.com,oCl47XPL,Microbiology
Zachary Hall,vasquezann@gmail.com,vjg78xAM,Microbiology
Tyler Brown,uclark@yahoo.com,Z97fgTDG,Microbiology
Edward Robinson,heatherhughes@yahoo.com,c25IcGGU,Microbiology
Nicholas Gray MD,cthomas@yahoo.com,TxS28ZuF,Microbiology
Adam Flores,smithjulia@hotmail.com,QEf13Mwa,Microbiology
Ryan Watts,tammysteele@hotmail.com,l89GRMnN,Microbiology
Donald Davidson,jholmes@yahoo.com,67irAzbe,Microbiology
Rachel Dean,eharris@gmail.com,dzwkN61V,Microbiology
Jessica Brown,ashley72@gmail.com,Pkuf21yj,Microbiology
Brandon Key,patricia34@yahoo.com,uSHl51Fe,Microbiology
Sara Holt,zpotter@gmail.com,fBC72ixF,Microbiology
Michael Osborne,mariawells@yahoo.com,78UanFFs,Microbiology
Michael Richards,cmays@hotmail.com,K33ksIQV,Microbiology
Stephanie Richardson,guybrown@hotmail.com,SADV76cp,Microbiology
Bethany Wilson,rodneylawson@yahoo.com,qBad37eQ,Microbiology
John Franklin,raymonddavies@hotmail.com,qKYVD44x,Microbiology
Jonathan Russell,bethboone@hotmail.com,EmnN14RC,Microbiology
Dr. Jessica Smith,dhayes@yahoo.com,vfjAZ79X,Microbiology
Rachel Mcgee,smitchell@yahoo.com,JZ13Raco,Microbiology
Susan Wilcox,melissa32@yahoo.com,kI67YSzC,Microbiology
John Lozano,gomezwalter@yahoo.com,81MSehQj,Microbiology
Randall Conway,vargasderrick@gmail.com,SvRZO36X,Microbiology
William Guerra,alopez@yahoo.com,93LPGTZX,Microbiology
Christina Arnold,tammycooper@yahoo.com,Ty51JUkL,Microbiology
Marcus Hines,mchung@gmail.com,73cbzsWM,Microbiology
Ashley Martin,jamiefranco@yahoo.com,vFwdJ95Y,Microbiology
Brittany Bradley,michelleallen@gmail.com,Qvxe89rF,Microbiology
Teresa Fisher,gmartinez@gmail.com,D23giHmO,Microbiology
Mark Alexander,zstein@gmail.com,NfId28yI,Microbiology
Gregory Wright,margaretclark@gmail.com,hBZo76Cd,Microbiology
Laura Brown,cookecollin@hotmail.com,uXiKA28F,Microbiology
Frank Lee,penningtonhannah@hotmail.com,YzEmL32J,Microbiology
Krystal Roberts,jasmine89@yahoo.com,Xxyp93iq,Microbiology
Kevin Hopkins,brianabarrett@yahoo.com,P62VzipO,Microbiology
Laura Marshall,scottcochran@gmail.com,tbHe13fP,Microbiology
Chelsey Walker,thomas64@yahoo.com,jG65WIhI,Microbiology
Julie Mcintyre,wadeshari@yahoo.com,j62PGhYq,Microbiology
Morgan Sexton,michelle48@hotmail.com,SmWrW54X,Microbiology
Alexandra Carpenter,lukeflowers@hotmail.com,xS79Mzat,Microbiology
Jeremy Joyce,teresa16@hotmail.com,FSql37pD,Microbiology
Thomas Thomas,samuellong@yahoo.com,ULRlF71f,Microbiology
Carrie Rodriguez,carterwillie@hotmail.com,D33bPlPQ,Microbiology
Alison Evans,ericmcguire@gmail.com,tC72bVBg,Microbiology
Lisa Brown,rjohnson@gmail.com,RuUSf24o,Microbiology
Timothy Mcclure,stacey58@gmail.com,TL11uvUT,Microbiology
Timothy Hernandez,zwilson@gmail.com,96clnJxl,Microbiology
Julia Crawford,barkerheather@gmail.com,P66mEooo,Microbiology
Tracey Smith,bmartin@gmail.com,ta66QvTm,Microbiology
Michael Brewer,davidcox@gmail.com,ZaRZ99HJ,Microbiology
Carly Proctor,jacksonsamuel@hotmail.com,u76jQFNi,Microbiology
David Livingston,qalvarez@yahoo.com,96fWjyfV,Microbiology
Patricia Barnett,jessicagarcia@yahoo.com,19vNuOcW,Microbiology
Zachary Mitchell,ryanbarnett@hotmail.com,78iXjSbb,Microbiology
Brandon Brown,oreyes@yahoo.com,iFihB24K,Microbiology
Amber Ballard,lauren28@hotmail.com,nMe43CGS,Microbiology
Connie Olsen,zwatts@gmail.com,SRbv81Ar,Microbiology
Sara Brown,afarrell@yahoo.com,I89cSJNN,Microbiology
Sara Bray,tyler72@yahoo.com,bPs17ptw,Microbiology
Lisa Howell,mholden@yahoo.com,TC19nrkz,Microbiology
Gary Kirk,olsonstephen@yahoo.com,82ZMmcmw,Microbiology
Kristin Watson,jeffrey86@yahoo.com,25ikWaze,Microbiology
Ashley Crawford MD,cassandra96@hotmail.com,72WnANWH,Microbiology
Regina Thomas,jfranklin@yahoo.com,23cGMtTL,Microbiology
Tyler Green,edwardsalexandra@yahoo.com,vuokQ37u,Microbiology
William Willis,ballarderic@gmail.com,RUdR32YL,Microbiology
Jessica Wolf,xwells@hotmail.com,ngZjE81y,Microbiology
Raymond Jackson,colleen35@yahoo.com,k89SMBfI,Microbiology
Gabrielle Hill,stephentorres@gmail.com,mTS79NUY,Microbiology
Thomas Matthews,lauren33@gmail.com,Fzs56ILD,Microbiology
Keith Rocha,gcox@gmail.com,BH23eMPG,Microbiology
Cynthia Neal,robertsdawn@gmail.com,jJjk56TY,Microbiology
Allison Poole,vperry@yahoo.com,12uNtDEX,Microbiology
Elizabeth Garcia,ehobbs@gmail.com,wpZ74tgn,Microbiology
Connor Johnson,lindsey29@hotmail.com,zgJX56vA,Microbiology
Brian Valencia,hunteranthony@gmail.com,OfixR12B,Microbiology
Michael Conrad,maureenmoore@gmail.com,grYlZ77C,Microbiology
Kristine Wolfe,fosterpamela@hotmail.com,oUXVp92S,Microbiology
Kelly Fowler,james99@gmail.com,zFK49NaL,Microbiology
James Richardson,iorr@hotmail.com,91alVdUF,Microbiology
Alvin Fischer,ryan92@yahoo.com,Ym73aLCj,Microbiology
Katherine Chambers,zhernandez@hotmail.com,VqqL14Zt,Microbiology
Justin Roman,zmartinez@yahoo.com,QCr83DLv,Microbiology
Tyler Padilla,kevinadams@yahoo.com,CrIR67xe,Microbiology
Alexis Whitney,arellanoashley@gmail.com,95UGJLlY,Microbiology
Karen Travis,daviddorsey@gmail.com,XL74pvmR,Microbiology
David Ellison,alanmanning@hotmail.com,64SLVkUI,Microbiology
David Watkins,lauraedwards@gmail.com,B25eFtdp,Microbiology
Donna Smith MD,robert11@hotmail.com,m99vgAvG,Microbiology
Heather Joyce,slawson@hotmail.com,HncK34TZ,Microbiology
Joshua Ray,patriciaschneider@gmail.com,j47SRhGD,Microbiology
Ian Baker,danielbaldwin@gmail.com,X33RSRCr,Microbiology
Lori Wolf,michaeljimenez@yahoo.com,43PxFRtp,Microbiology
Jonathan Gilbert,joelparker@hotmail.com,pd64itjG,Microbiology
Steven Ball,elizabethdavidson@hotmail.com,89mYawFu,Microbiology
Paul Brown,rsilva@yahoo.com,JJpkY86y,Microbiology
John Romero,carrilloanthony@yahoo.com,yyE54aiq,Microbiology
Robert Nguyen,howardruiz@gmail.com,ZhBcp19X,Microbiology
Sarah Ewing,william55@yahoo.com,hABO56IS,Microbiology
Caleb Foster,lpena@yahoo.com,tZ12BSpQ,Microbiology
Jesus Donovan,msanders@gmail.com,tmZg92yS,Microbiology
Nicholas Green,blin@gmail.com,uuHm21kU,Microbiology
Randall Mcconnell,foxleonard@gmail.com,hDJhS88T,Microbiology
Nancy Smith,mariahunt@hotmail.com,77hCUnER,Microbiology
Kyle Coleman MD,ashleymoore@hotmail.com,98PxxHyE,Microbiology
Brian Powell,wjackson@yahoo.com,TzUvd99U,Microbiology
Vincent Wright,crossleslie@yahoo.com,bdQv17TZ,Microbiology
Marissa Padilla,jenniferhaley@hotmail.com,R98VdMNz,Microbiology
Alexandria Sims DDS,rgonzalez@hotmail.com,Bc49slCF,Microbiology
Mr. Justin Williams DDS,jsmith@gmail.com,34sDdHSc,Microbiology
Robin Martin,sheltonmary@hotmail.com,o74mZGls,Microbiology
Stephanie Hernandez,catherine49@hotmail.com,GWaZ96JK,Microbiology
Margaret Cox,darlene57@hotmail.com,69wyZmvV,Microbiology
Derek Reese,kgriffin@yahoo.com,96AHqxPi,Microbiology
Jonathon Williams,jessicawilliams@gmail.com,SSVcf57Y,Microbiology
Janet Gonzalez,scott38@hotmail.com,mrL54zhX,Microbiology
Anna Mccoy,steven46@hotmail.com,ZL78PVcF,Microbiology
Billy Oneal,christopher28@gmail.com,mhvnH69Z,Microbiology
Arthur Simon,vparks@yahoo.com,Qx68UzzY,Microbiology
Kenneth Hunt,martinbrian@hotmail.com,79hGUGOh,Microbiology
Megan Gilmore,oklein@hotmail.com,kiWhF97a,Microbiology
Brian Marquez,molson@hotmail.com,er48xUBq,Microbiology
John Wells,williamsdaniel@gmail.com,yvGo33NB,Microbiology
Katherine Lawrence,amyers@hotmail.com,XKD69zSZ,Microbiology
Patricia Martin,jeremycox@gmail.com,fj41civz,Microbiology
Beth Stephens,maciasguy@hotmail.com,zeIK88pg,Microbiology
Lisa Moody,robinstrong@gmail.com,k39rMoFl,Microbiology
Miranda Weber,aaronwade@gmail.com,73irLdxz,Microbiology
Adam Fowler,villamatthew@yahoo.com,44oSNOCt,Microbiology
Cynthia Whitehead,stanleynicole@gmail.com,zxtb67Ip,Microbiology
Timothy Silva,npatterson@hotmail.com,19hBvVlp,Microbiology
Renee Nguyen,torresjennifer@hotmail.com,S54ctNBa,Microbiology
Denise Charles,butleranna@gmail.com,G78ykxYd,Microbiology
Robert Conway,lgood@yahoo.com,DyR21fqn,Microbiology
Micheal Wagner,sullivancourtney@gmail.com,c58ntGcu,Microbiology
Christine Conley,amandaferguson@hotmail.com,Zb29SwFy,Microbiology
Morgan Gay,uhouston@hotmail.com,OEDk84cy,Microbiology
Steven Olson,torresvictoria@yahoo.com,dUpe77Pj,Microbiology
Michael Rodriguez,wilsonkayla@yahoo.com,SwhD16mJ,Microbiology
Ian Martin,mcarr@gmail.com,EHCC65ZJ,Microbiology
Justin Harris,dkane@yahoo.com,BS66cdrn,Microbiology
Michael Mejia,youngtaylor@gmail.com,Qiiz44my,Microbiology
Charles Sharp,diana95@yahoo.com,d18hoccO,Microbiology
Amy Boyd,kgordon@yahoo.com,WLz27TLg,Microbiology
Jeremy Hill,samantha39@gmail.com,VB34YNNS,Microbiology
Leslie Torres,joyce71@yahoo.com,XXUjE16A,Microbiology
Tracy Anderson,htaylor@gmail.com,mgsbP81l,Microbiology
Jerry Howard,christopher97@yahoo.com,99kRyTJI,Microbiology
Kevin Reynolds,adrianharvey@gmail.com,KRp55GOu,Microbiology
Michael Crawford,jennifer15@yahoo.com,UIHU94LU,Microbiology
Sandra Kelly,shawnhunter@yahoo.com,SrK16pJy,Microbiology
Sharon Lin,jackiegreen@hotmail.com,66IvCQNz,Microbiology
Michael Harris,brucepeter@yahoo.com,NE54Uqcd,Microbiology
Jeffrey Ortega,thomas60@yahoo.com,34KcsWvr,Microbiology
Thomas Smith,alexanderwilliams@hotmail.com,b45yOHzz,Microbiology
Hannah Wiley,cparker@hotmail.com,wp53ePUA,Microbiology
Matthew Walker,rcruz@gmail.com,zwfKj62k,Microbiology
Kristen Robertson,lynchcory@hotmail.com,pd93KNOg,Microbiology
Lori Knight,michellejohnson@yahoo.com,raAm96La,Microbiology
Gabriela Rush,lisa90@hotmail.com,P85nElky,Microbiology
Teresa Lopez,pwagner@hotmail.com,SCdH97dK,Microbiology
Jaime Butler,lindsay17@yahoo.com,94NJDJkK,Microbiology
Janice Davenport,stoutronald@yahoo.com,Gkt43DHy,Microbiology
Michelle Moore,deborahrivera@gmail.com,45aJfvva,Microbiology
Richard Clark,zharris@yahoo.com,HFmq31By,Microbiology
Stephen Nicholson,michelle95@gmail.com,vG28olZo,Microbiology
Dr. Olivia Snyder,martinezjames@hotmail.com,Ms26QocV,Microbiology
Stephen Lewis,tcox@gmail.com,ab13efAe,Microbiology
Lisa Baker,ross60@yahoo.com,Loh24Lwy,Microbiology
Stephanie Morales,daniel74@hotmail.com,Enky22bT,Microbiology
Patrick Lee,jamesjohnson@yahoo.com,47cbgGWG,Microbiology
Bryce Tate MD,csingleton@gmail.com,jgJaP85o,Microbiology
